address,phone
"127 Ledbury Rd, London W11 2AQ, UK",442077929090
"332 Bethnal Green Rd, London E2 0AG, UK",442077394873Menu:epellicci.co.uk
"19 Fulham High St, Fulham, London SW6 3JH, UK",442073715555Menu:fishersfishandchips.co.uk
"108 Mitcham Rd, London SW17 9NG, UK",442037740779
"60 Penton St, London N1 9PZ, UK",442035836442Menu:liman.co.uk
"97 Colney Hatch Ln, London N10 1LR, UK",442088836429
"8-9 Blacklands Terrace, Chelsea, London SW3 2SP, UK",442078381082
"11 Langley St, London WC2H 9JG, UK",442074209390
"12 Jerusalem Passage, Clerkenwell, London EC1V 4JP, UK",442032170090Menu:sushitetsu.co.uk
"34-35 Maiden Ln, London WC2E 7LB, UK",442078365314
"61A Streatham Hill, London SW2 4TX, UK",442086710444
"59 Lavender Hill, London SW11 5QN, UK",442034175639
"110 Great Portland St, Fitzrovia, London W1W 6PQ, UK",442076377892
"66 Knightsbridge, London SW1X 7LA, UK",442072013833
"438 King's Rd, Chelsea, London SW10 0LJ, UK",442073491900
"92 Trafalgar Rd, London SE10 9UW, UK",442088589319
"62 Greenwich High Rd, London SE10 8LF, UK",442086924333Menu:thegoldenchippy.com
"57-59 Willesden Ln, North Maida Vale, London NW6 7RL, UK",442076241713
"45 Brick Ln, London E1 6PU, UK",442072479699
"Somerset House, Lancaster Pl, London WC2R 1LA, UK",442030110115
"Flemings Mayfair, 7-12 Half Moon St, London W1J 7BH, United Kingdom",442070165601
"34 Rupert St, London W1D 6DN, UK",442074398777
"10 Orsman Rd, Shoreditch, London N1 5QJ, UK",442070330123Menu:waterhouserestaurant.co.uk
"52 Wilton Way, London E8 1BG, UK",442072548311
"7-8 Park Pl, St. James's, London SW1A 1LS, UK",442073161620
"115 Dawes Rd, Fulham, London SW6 7DU, UK",442073852021
"Shoreditch Town Hall, 380 Old St, London EC1V 9LT, UK",442077296496
"26-27 Dean St, Soho, London W1D 3LL, UK",442074401456
"92 Kensington Park Rd, London W11 2PN, UK",442039375086
"42 Albemarle St, Mayfair, London W1S 4JH, UK",442030115900
"25 Warren St, Fitzrovia, London W1T 5LZ, UK",442073886175Menu:honeyandco.co.uk
"5 Clipstone St, Fitzrovia, London W1W 6BB, UK",442076370871
"Patriot Square, London E2 9NF, UK",442078710461
"5 - 7 Devonshire Rd, Chiswick, London W4 2EU, UK",442087471836
"1A Launceston Pl, Kensington, London W8 5RL, UK",442079376912
"3 Bleeding Heart Yard, London EC1N 8SJ, UK",442072428238
"21 Romilly St, Soho, London W1D 5AF, UK",442074943111
"172 King's Rd, Chelsea, London SW3 4UP, UK",442037500172
"55 Jermyn St, St. James's, London SW1Y 6LX, UK",442076299955
"35 Sclater St, London E1 6LB, UK",442038731733
"25 Aylmer Parade, Aylmer Road, East Finchley, London N2 0PE, United Kingdom",442083411111
"1-3 Green Lanes, Mildmay Ward, London N16 9BS, UK",442073590779
"10 Berners St, Fitzrovia, London W1T 3NP, UK",442079087979
"37 Conduit St, Mayfair, London W1S 2YF, UK",442071836426
"Tea Building, 56 Shoreditch High St, London E1 6JJ, UK",442030115911
"2 Bellevue Rd, London SW17 7EG, UK",442086720114
"34-36 Exmouth Market, Clerkenwell, London EC1R 4QE, UK",442078338336
"5 Air St, Piccadilly, Mayfair, London W1J 0AD, UK",442074063980
"36e Shad Thames, London SE1 2YE, UK",442074033403
"104 Chepstow Rd, London W2 5QS, UK",442036757750
"344 Upper St, London N1 0PD, UK",442086179010
"1 Upper James St, Soho, London W1F 9DF, UK",442031451000Menu:bobbobricard.com
"34 Charlotte St, Fitzrovia, London W1T 2NH, UK",442076361178
"6-10 Bruton St, Mayfair, London W1J 6PU, UK",442074957100
"17 Bruton St, Mayfair, London W1J 6QB, UK",442079071888
"67 Newington Green Rd, Mildmay Ward, London N1 4QU, UK",442033028700
"88 St John St, Clerkenwell, London EC1M 4EH, UK",442038593000
"49 Columbia Rd, London E2 7RG, UK",442077295692
"57 W Smithfield, London EC1A 9DS, UK",442076006144
"1-5 West St, London WC2H 9NQ, UK",442078364751
"23 Pratt St, Camden Town, London NW1 0BG, UK",442074859718
"33 King St, London WC2E 8JD, UK",442073799696
"74 Blackfriars Rd, South Bank, London SE1 8HA, UK",442079281111
"2 Battersea Rise, London SW11 1ED, UK",442036202202
"Thames Wharf, Rainville Rd, Hammersmith, London W6 9HA, UK",442073864200
"12 Denman St, Soho, London W1D 7HH, UK",442077345612
"7 Boundary St, London E2 7JE, UK",442074209324
"12a, Berkeley Square, Mayfair, London W1J 6BS, UK",442076298886
"10 Greek St, Soho, London W1D 4DH, UK",442077344677Menu:10greekstreet.com
"The Prince Regent, Sheldon Square, London W2 6PY, UKMenu:londonshellco.comReservations:exploretock.comPhone:+44 7818 666005",447818666005
"55 Exhibition Rd, Knightsbridge, London SW7 2PN, UK",442075890101
"160 Piccadilly, St. James's, London W1J 9EB, UK",442074996996
"22 Harcourt St, Marylebone, London W1H 4HH, UK",442077230666
"80 Cleveland St, Fitzrovia, London W1T 6NE, UK",442039602251
"19 New Cavendish St, Marylebone, London W1G 9TZ, UK",442079350058
"St James's Market, 1 Carlton St, St. James's, London SW1Y 4QQ, UK",442070249848
"Corinthia, 10a Northumberland Ave, Westminster, London WC2N 5AE, UK",442073213100
"7 Canvey St, London SE1 9AN, UK",442076200035
"68 Royal Hospital Rd, Chelsea, London SW3 4HP, UK",442073524441
"43 Upper Brook St, Mayfair, London W1K 7QR, UK",442074080881
"10 Adelaide St, Covent Garden, London WC2N 4HZ, UK",442074401456
"26-29 Dean St, Soho, London W1D 3LL, UK",442074379585
"2nd Floor, 1 Waterview Drive, London SE10 0TW, United Kingdom",442084636868
"8 Mount St, Mayfair, London W1K 3NF, UK",442074991800
"10 Shepherd Market, Mayfair, London W1J 7QF, UK",442033021661
"20 Mount St, Mayfair, London W1K 2HE, UK",442074957309
"4-5 London Rd, London SE1 6JZ, UK",442071865555
"41 Buckingham Gate, Westminster, London SW1E 6AF, UK",442078211899
"12 Archer St, Soho, London W1D 7BB, UK",442077342223Menu:boccadilupo.com
"74 Luke St, London EC2A 4PY, UK",442077293032Menu:oklava.co.uk
"11 White's Row, Spitalfields, London E1 7NF, UK",442074260542
"32 Henrietta St, London WC2E 8NA, UK",442072404417
"43A Commercial St, London E1 6BD, UK",442073247790
"One Aldwych, London WC2B 4BZ, UK",442073000300
"14 Cranbourn St, London WC2H 7JH, UK",442077698844
"The Old Westminster Library, Great Smith St, Westminster, London SW1P 3BU, UK",442072222555
"22 Kingly St, Carnaby, London W1B 5QB, UK",442074209322Menu:dishoom.com
"34 Portman St, Marylebone, London W1H 7BY, UK",442072240028
"339 Harrow Rd, London W9 3RB, UK",442072662012
"82-84 St Martin's Ln, Covent Garden, London WC2N 4AG, UK",442074975050
"122 Palace Gardens Terrace, Kensington, London W8 4RT, UK",442072294024Menu:theshed-restaurant.com
"112 Draycott Ave, Chelsea, London SW3 3AE, UK",442075894257
"6 Hollywood Rd, Kensington, London SW10 9HU, UK",442073511322
"St Martin's Courtyard, Slingsby Pl, London WC2E 9AB, United Kingdom",442072408183Menu:bills-website.co.uk
"First Floor, Lancaster Terrace, London W2 2TY, United Kingdom",442075516039
"53 Cleveland St, Fitzrovia, London W1T 4JJ, UK",442076379611
"15 Beeston Pl, Westminster, London SW1W 0JW, UK",442073969000
"152 Old Brompton Rd, Kensington, London SW5 0BE, UK",442073735753
"65 S Audley St, Mayfair, London W1K 2QU, UK",442074938988
"8 Stoney Street, London Bridge, London SE1 9AA, United Kingdom",442079400169
"Rochelle School, Arnold Circus, London E2 7ES, United Kingdom",442077295677
"86 Park Ln, Mayfair, London W1K 7TN, UK",442073998460
"45 Lexington St, Carnaby, London W1F 9AN, UK",442074941634
"31 Windmill St, Fitzrovia, London W1T 2JN, UK",442030111632
"26 St John St, Clerkenwell, London EC1M 4AY, UK",442072510848
"9 Conduit St, Mayfair, London W1S 2XG, UK",442076594500
"34 Grosvenor Square Entrance on, S Audley St, London W1K 2HD, United Kingdom",442033503434
"70-72 Broadway Market, 29 Tooting High St, London SW17 0RL, United Kingdom",442087672639
"199 Tooley St, London SE1 2JX, UK",442071832117
"24 - 26 Newbury St, London EC1A 7HU, UK",442037930202
"9 Seymour Pl, Marylebone, London W1H 5BA, UK",442077244545Menu:lurra.co.uk
"55 Aldwych, London WC2B 4BB, UK",442074998558
"47 Parkway, Camden Town, London NW1 7PN, UK",442074822299
"8 Gillingham St, Pimlico, London SW1V 1HJ, UK",442077699771
"27A Hay's Mews, Mayfair, London W1J 5NY, UK",442074993331
"15-17 Marylebone Ln, Marylebone, London W1U 2NE, UK",442074867922
"153 Hoxton St, Hoxton, London N1 6PJ, UK",442036933202
"22 Charlotte St, Fitzrovia, London W1T 2NB, UK",442030190880
"29 Poland St, Soho, London W1F 8QR, UK",442038131430
"3 Chapel Pl, Marylebone, London W1G 0BG, UK",442074951816
"Broken Wharf House, 8 High Timber St, London EC4V 3PA, UK",442072481777
"45 Great Queen St, London WC2B 5AA, UK",442034094777
"Strand, London WC2R 0EY, UK",442074202111
"11 Dean St, Soho, London W1D 3RP, UK",442072878964
"48 Greek St, Soho, London W1D 4EF, UK",442074397474
"48 Gresham St, London EC2V 7AY, UK",442076001616
"31 Rathbone Pl, Fitzrovia, London W1T 1JH, UK",442030022640
"22-24 Basil St, Knightsbridge, London SW3 1AT, UKPhone:+44 20 7589 5171",442075895171
"Kensington Arcade, 123 Kensington High St, Kensington, London W8 5SF, UK",442079371482Menu:bills-website.co.uk
"3F Belvedere Rd, Lambeth, London SE1 7GQ, UK",442076339309
"20 Arlington St, St. James's, London SW1A 1RJ, UK",442076292239
"95 Curtain Rd, London EC2A 3BS, UK",442038020478
"55 Marylebone High St, Marylebone, London W1U 5RB, UK",442076168000
"7-9 Bute St, Kensington, London SW7 3EY, UK",442031953001
"17 Berkeley St, Mayfair, London W1J 8EA, UK",442033278888
"67 Shaftesbury Ave, Soho, London W1D 6EX, UK",442078716021Menu:hankies.cafe
"154 Blackfriars Rd, London SE1 8EN, UK",442079981707
"2 Burleigh St, London WC2E 7PX, UK",442078360651
"Four Seasons Hotel at Ten Trinity Square, 10 Trinity Square, London EC3N 4AJ, United Kingdom",442032973799
"15 Micawber St, Hoxton, London N1 7TB, UK",442074900144Menu:sardine.london
"89 Kingsland High St, London E8 2PB, UK",442076865634
"42 Kingsway, London WC2B 6EY, UK",442072422981Menu:bills-website.co.uk
"47-48 St John's Square, Clerkenwell, London EC1V 4JJ, UK",442075539210
"218 Long Ln, London SE1 4QB, UK",442074037513
"10-12 Garrick St, Covent Garden, London WC2E 9BH, UK",442072407649
"343 Cambridge Heath Rd, London E2 9RA, UK",442077398362
"383 King's Rd, Chelsea SW10 0, UK",442038742000
"252 High Holborn, London WC1V 7EN, UK",442037478633
"62 Seymour St, Marylebone, London W1H 5BN, UK",442038267940
"15 New Burlington Pl, Mayfair, London W1S 2HX, UK",442036933435
"37 Charlotte St, Fitzrovia, London W1T 1RR, UK",442075806464
"113 Great Portland St, London W1W 6QQ, UK",442074363261
"34 Threadneedle St, London EC2R 8AY, UK",442076280001
"1 Regent Street St JamesÂ´s, St. James's, London SW1Y 4NR, UK",442078392080
"226 Westbourne Grove, London W11 2RH, UK",442072439136
"36-44 Brewer St, Soho, London W1F 9TB, UK",442072878712
"9 Islington Green, London N1 2XH, UK",442072262555
"13-15 West St, London WC2H 9NE, UK",442070108600
"1 Kensington High St, Kensington, London W8 5NP, UK",442077956533
"58 Poland St, Soho, London W1F 7NR, UK",442079933251
"5 Pollen St, Mayfair, London W1S 1NE, UK",442078703730
"35-37 Heddon St, Mayfair, London W1B 4BR, UK",442033198130
"358-360 Westgate St, London E8 3RN, UK",447736670367
"45 Park Lane, 45 Park Ln, Mayfair, London W1K 1PN, UK",442074934545
"3 Charlotte Pl, Fitzrovia, London W1T 1SD, UK",442075800021
"78 Great Eastern St, London EC2A 3JL, UK",442077391740
"18 Bruton Pl, Mayfair, London W1J 6LY, UK",442074912727
"100 Strand, London WC2R 0EW, UK",442074202111
"Hyde Park Corner, London SW1X 7TA, United KingdomPhone:+44 20 7259 5599",442072595599
"105-106 Upper St, London N1 1QN, UK",442076842538
"72-74 Lombard St, London EC3V 9AY, UK",442076210338
"13 Leyden St, London E1 7LE, UK",442073750577
"Courtfield Rd, Kensington, London SW7 4QH, UK",442073704040
"1 St James's Market, St. James's, London SW1Y 4AH, UK",442035834660
"28 Maiden Ln, London WC2E 7JS, UK",442073951400
"National Portrait Gallery, St. Martin's Pl, London, United Kingdom",442073122490
"27-29 Endell St, London WC2H 9BA, UK",442074209300
"The Adelphi Building, Covent Garden Riverside, 1-11 John Adam St, London WC2N 6HT, UK",442073216007
"25 Winchester Rd, London NW3 3NR, UK",442077223457
"4 Bleeding Heart Yard, London EC1N 8SJ, UK",442072428238
"85 Piccadilly, Mayfair, London W1J 7NB, UK",442031468666
"Michelin House, 81 Fulham Rd, Chelsea, London SW3 6RD, UK",442075815817
"50 Broadway Market, London E8 4QJ, UK",442072759900Menu:buenayre.net
"15 The Pavement, London SW4 0HY, UK",442076224165
"13 Kingly St, Carnaby, London W1B 5PG, UK",442073526200
"15 Hereford Rd, London W2 4AB, UK",442072292206Menu:aphroditerestaurant.co.uk
"3 Windmill St, Fitzrovia, London W1T 2HY, UK",442076379388
"HMP Brixton, Jebb Ave, London SW2 5XF, United Kingdom",442086789007Menu:theclinkcharity.org
"119-121 Baker St, Marylebone, London W1U 6RY, UK",442074867701Menu:bills-website.co.uk
"20 Queen St, Mayfair, London W1J 5PR, UK",442076293561
"4-6 Russell St, London WC2B 5HZ, UK",442033011155
"20 Savile Row, Mayfair, London W1S 3PR, UK",442075347000
"87â135 Brompton Rd, Knightsbridge, London SW1X 7XL, UK",442038198888
"32 Great Queen St, London WC2B 5AA, UK",442072420622
"161 Wardour St, Soho, London W1F 8WJ, UK",442077343324
"16 New St, London EC2M 4TR, UK",442035030790
"93-94 Wilton Rd, Pimlico, London SW1V 1DW, UK",442072337100
"5-7 Blandford St, Marylebone, London W1U 3DB, UK",442033706260
"19-21 Monmouth St, London WC2H 9DD, UK",442078367243
"50 Marylebone High St, Marylebone, London W1U 5HN, UK",442074665501
